time,x,p,xi
0.0,0.3894178903996839,-0.8400243324920569,-0.8278163808698982
60.10434782608696,-0.5365407235096229,0.8388575458919725,-0.14877310301394683
120.20869565217392,0.6080323454793444,-1.1370913603690083,0.22456740361513353
180.31304347826088,-0.5445534556536342,1.6792666129012566,0.01208722720222992
240.41739130434783,-0.595307219108668,-1.6688796559789365,0.8175729129281134
300.5217391304348,1.3200711729944032,0.31877343552786797,0.031557304464871386
360.62608695652176,-0.028818792185346026,1.4658998602264677,-0.2885353744586763
420.7304347826087,-1.162726534135004,-0.08454102928886559,0.056160459626666
480.83478260869566,-0.16121534336437662,-1.420796545720649,0.06248059386877581
540.9391304347827,1.1043702913046676,-0.035970020710175764,0.2617756543517355
601.0434782608696,-0.35053943394637826,1.3316092528921382,0.10219828773037505
661.1478260869566,-0.729142303270546,-0.7156068564369181,0.7835318950611743
721.2521739130435,1.227876474877356,-0.2359980552686665,0.5866221265274164
781.3565217391305,-1.6025767928073313,0.26172480380443225,-0.15154650413720464
841.4608695652174,1.397394159188731,-0.3226157213794367,-0.9592493822609515
901.5652173913044,-0.7594208559489171,0.1424760687211746,-0.760714406402495
961.6695652173913,0.37584992481470636,0.9052584149622633,1.2736649055499125
1021.7739130434783,1.356690162398779,0.4889559142828809,-0.8802174667770404
1081.8782608695653,0.5649121986252491,-0.9232999969388652,0.45349844348438584
1141.9826086956523,-1.6380961048523226,-0.8007113669395601,0.5744767432666663
1202.0869565217392,-0.233060451120489,0.8500809702496445,-0.5196985618413482
1262.1913043478262,0.7974489189022651,-0.5842615833413793,0.2646612965461472
1322.2956521739131,-1.6599262284852665,0.1570750460373256,0.19250696091992509
1382.4,1.371658722832086,-0.16184953685252818,-0.754348885056542
1442.504347826087,-0.8131105326712207,0.5439983999682314,-0.8087815195752474
1502.608695652174,0.08114006590555062,-1.1492283168414437,-0.21945749398416622
1562.713043478261,0.7572546643593576,0.6369738843055884,0.5082778536208571
1622.817391304348,-0.9502018752034207,0.31426111893454034,0.03122242596697511
1682.9217391304348,0.3421501683418289,-1.285641763183822,0.13494092558315096
1743.0260869565218,0.6821000138842559,0.9776216365137663,1.035043543056876
1803.1304347826087,-1.4036196140467225,-0.2142267930214499,0.6343301663834846
1863.2347826086957,1.5741579974595876,0.12266419944145747,-0.2985317541649667
1923.3391304347826,-0.8097330204679536,0.9338742398883093,-0.9398144649791143
1983.4434782608696,-0.2601068067721111,-1.396891661499247,-0.5112402093924279
2043.5478260869565,0.01755367210718047,1.0749826597235421,0.1492048270125738
2103.6521739130435,-0.24312427969271963,-1.2045770462240462,0.8755380428503353
2163.7565217391307,0.9402398807397667,1.226422142357128,1.096442631824099
2223.8608695652174,-1.5317525514031445,-0.4776702586626818,-0.005391972083658314
2283.9652173913046,1.2635627172483763,0.18149334994624214,-0.6481845892542573
2344.0695652173913,-0.8132091005798289,0.15538693177507926,-0.39776859946163506
2404.1739130434785,0.6463034782563825,-0.8407376141178075,-0.12497677942405756
2464.278260869565,-0.001183366057481601,1.4554999143165002,0.3770277620381225
2524.3826086956524,-1.144054182780486,-0.3962785439685463,1.0053318715925348
2584.486956521739,1.5638504797687622,-0.04169112962852582,0.06168646862576039
2644.5913043478263,-1.3948187243620125,-0.00621768619435014,-0.883389101981847
2704.695652173913,0.8261449643016449,0.0002527719323760476,-0.4434705342890449
2764.8,-0.7620638800009777,-0.04485253239297152,0.6488370503244277
2824.904347826087,0.2595128680316625,2.3608783867578333,-0.02870484187870439
2885.008695652174,0.7396850589225211,0.024071081254593233,-0.5535307381339442
2945.113043478261,-0.007969945672433379,-1.8255349250891955,1.0629538031632466
3005.217391304348,-0.9202177804911945,-0.5873910102512356,-0.6758611962299629
3065.3217391304347,-0.07913705458161886,1.0446661312699617,0.5228660843238324
3125.426086956522,1.8040777389380775,-0.21319478495131922,-0.19916240231335897
3185.5304347826086,-0.8143807622011193,-0.9873255274829282,-0.260456487879386
3245.634782608696,0.03525369699408709,0.9059329460677759,0.3116015591989421
3305.7391304347825,1.8407146139278403,-0.4660635910870423,-0.08526420296704879
3365.8434782608697,0.324305487374774,-0.6683143093832139,-0.6833033446690127
3425.9478260869564,-1.0107374684627284,-0.41232603991263567,1.3810507302323438
3486.0521739130436,0.391965123816059,2.136567107983221,-0.037338601902127545
3546.1565217391303,0.10012338522508313,-0.971977438920709,-0.7240583434332531
3606.2608695652175,-0.6534084470799478,0.8056266126185903,0.34988934881440725
3666.365217391304,1.241147319983161,1.5739676874211634,0.48326975828839747
3726.4695652173914,0.13724480341990739,-0.9360500725531029,-0.5963876363981954
3786.573913043478,-1.0851640263354723,0.46964654324662347,0.5887531841196672
3846.6782608695653,1.6616558030857813,-0.13476322043046515,-0.0031381650511259824
3906.7826086956525,-1.2823415857417886,-0.3878950319603466,-0.7015842718334673
3966.886956521739,0.20041313059110122,0.7854842040548831,0.4785054567886901
4026.9913043478264,1.9016764081533917,-0.026615323666236798,0.2236964146822247
4087.095652173913,0.3694389542474137,-0.6023953589964408,-0.6644969391869252
4147.2,-0.6386440150076702,-1.2289354651767985,1.5596795664250638
4207.304347826087,-1.0879757373630825,-0.024184041465961523,-1.1986326954532027
4267.408695652174,-0.22308176138139035,1.0892335689367634,0.6790878467903084
4327.513043478261,0.9744445735095271,1.684555777378143,-0.4835721195435523
4387.617391304348,-0.0730688795783134,1.1910641147316643,1.1729986024083925
4447.721739130435,1.2890450900850292,0.6034420741393554,-0.7622030965119353
4507.826086956522,-0.4726587589724129,-0.8230088224531367,0.16409987372821375
4567.930434782609,0.8130348608503702,0.4813234544302516,0.7535115639475424
4628.034782608695,-1.321748137340964,0.087010899194401,0.5833794872519781
4688.139130434783,1.2467895359803123,-0.9276274027788928,-0.5877508687419509
4748.24347826087,-1.0661384707201376,0.8066922897430883,-1.201410374521363
4808.347826086957,0.6772415512108408,-0.5452373288945804,-0.9538781312282805
4868.452173913043,-0.61640754728676,0.5888688103222588,-0.2674455733644022
4928.55652173913,0.7754806902689927,-0.9989458451702157,0.08062953071719305
4988.660869565218,-0.03384118070675875,1.5316153963766,0.3465427447110798
5048.765217391305,-1.2790979103130966,-0.11319926897017188,0.4206938061483371
5108.869565217391,0.19568600815216064,-1.5742612186723315,0.016574617696041898
5168.973913043478,1.1548584159756312,0.06870191778164761,0.4354985556874634
5229.078260869565,-0.448680327319423,1.3687470872616552,0.022457407578227614
5289.182608695653,-1.065827923740558,-0.340601118568626,0.6040959351860536
5349.286956521739,0.8343489327334169,-1.0862175815189474,-0.33630041285078427
5409.391304347826,1.1261353261476652,0.5511059547123554,0.37683837436162476
5469.495652173913,-0.5220941260018752,1.397709993359125,-0.5222995730476354
5529.6,-1.1629453476326987,-0.34726644013515495,0.323068028700111
5589.704347826087,0.38907659840254233,-1.7007122917951694,-0.3553228431415338
5649.808695652174,1.357908709371152,0.5816945737489677,0.46678181238234856
5709.913043478261,-1.196537218243871,0.4765927584780975,-0.8119974454100868
5770.017391304348,0.48532412102898825,-1.0110217635142684,-0.9213184223372524
5830.121739130435,0.2838578907758832,1.1722343072135728,-0.11918639531259594
5890.226086956522,-0.40096213278642184,-0.7970809114491344,0.2840728748881879
5950.330434782609,-0.5479317133985872,1.6015924245122835,0.670893558055436
6010.434782608696,-0.21650730490080908,0.771534218240071,-0.9782144831055616
6070.539130434783,-1.036517945508519,1.8173869240876557,-0.01657612865613875
6130.643478260869,0.9720115243147142,0.7513189538113362,-0.5500612750958369
6190.747826086957,0.6984523096083999,-0.9791347075461562,0.5040432017616647
6250.852173913044,-1.7035235171110792,0.10245690747901229,0.11928470034948649
6310.956521739131,1.5091660548211212,0.30553905954815125,-0.4621795484062956
6371.060869565217,-0.7591823546641676,-0.7588498738003772,-0.2530716297065118
6431.165217391304,0.6563040684461853,0.5377450335053465,0.33851664547169397
6491.269565217392,-0.7266597213075325,-0.8171973656482174,1.3198425319355074
6551.373913043479,-0.4777186935305227,1.6918220654376097,-1.4424603224269867
6611.478260869565,0.5814279232938454,-0.46019436320291135,-0.5231883264412114
6671.582608695652,-1.0696228082845924,0.08528727691781181,1.0261735075332552
6731.686956521739,-0.407481502158942,1.2022121008354358,-1.4727769501310561
6791.791304347827,0.17196056995954362,0.7940567378193052,0.6430900671720513
6851.895652173913,0.8173555032650072,1.7601515218952637,-0.6567581793876515
6912.0,0.626723175402507,0.2354420790395675,0.836262436813616
6972.104347826087,1.5197722493377652,0.6768262704065028,-0.6610188924789262
7032.208695652174,0.649675983094969,-0.67113500835534,0.5398726332663258
7092.313043478261,0.4960608074533149,-1.090249509100644,-1.814782040950772
7152.417391304348,0.868947474146194,-1.043875101749615,0.7075362789473761
7212.521739130435,0.6223470471312446,-0.24602472172403422,-1.022375839284033
7272.626086956522,1.9860162291986356,-0.27674000200762283,0.05956283749382997
7332.730434782608,0.5774437151584755,-0.25780313744484357,-0.2125698558417996
7392.834782608696,-0.728340614953895,-0.9585423399376438,1.4411738069638087
7452.939130434783,-0.8269778617178204,-0.18454769481623454,-0.844129210228508
7513.04347826087,-1.590922733790176,0.6347334510853875,0.7809399308055652
7573.147826086956,-0.2733044223182632,-0.4049309055245841,0.3263494039754534
7633.252173913043,0.5558626187345659,0.47615377433312656,-0.6298779111645159
7693.356521739131,-1.0372016545560712,-0.638203000093457,-1.3541093519295164
7753.460869565218,0.3958974060602314,-0.2931706107675928,1.1918745034966411
7813.565217391305,-0.3041516864964196,2.281506701550929,-2.1430302803335866
7873.669565217391,-0.47672866614612525,-1.762540564569906,1.8842019172631312
7933.773913043478,0.5356790537516073,-0.16637578891110374,0.9314693544989782
7993.878260869566,-0.9145012883714518,-0.9720586530517762,-1.2771741478102405
8053.982608695653,0.04555309733843299,-0.41860135700568,0.08204398847079081
8114.086956521739,-0.40793730587385585,0.19433806627398065,0.13626431996914015
8174.191304347826,0.34473933920755195,-0.2827286718341613,-0.7249979597849421
8234.295652173912,-0.46666485137635283,0.8574281583708679,-1.8917458751321776
8294.4,1.5430378320830738,-0.768487584374742,-2.266226244578415
8354.504347826087,0.45483401428468745,0.14791492432068962,-1.0819466905926796
8414.608695652174,0.4096711702911003,-0.0015642779757284169,0.6020672428925866
8474.713043478261,0.8510293387879072,-0.8291638920417349,1.238548985897069
8534.817391304348,-0.7922578765344898,0.028188372744773683,1.6315484706959409
8594.921739130436,0.37667470394120994,0.2746000582111282,0.9914162769615977
8655.026086956523,0.817767110694476,-0.8298870047603719,1.2451048467125805
8715.130434782608,-0.41814668716920794,-0.7567197499992013,2.2690663389768453
8775.234782608695,0.0062872623405041544,1.0024700333011134,1.24204663193697
8835.339130434782,-0.4935763488913698,-0.0505941993750587,-0.44357475436225774
8895.44347826087,0.5360733585592788,0.5654206858566397,-0.9966178692743093
8955.547826086957,-0.6766172328841498,0.7761150085651387,1.1561033856479561
9015.652173913044,-0.9798936035167257,1.84024670590971,0.8717297301423718
9075.756521739131,-1.2926069445332342,-0.13071093497377204,-2.8379334873729043
9135.860869565218,-0.3491233821359164,0.23450241487776174,1.767559566284975
9195.965217391304,-0.18203076192219753,-0.4519361108462585,-0.9274679049693616
9256.06956521739,-0.14759799707316842,-0.677041539701331,-1.6089307995281066
9316.173913043478,-2.6990985257231794,-0.009969925942585195,1.1135880598439476
9376.278260869565,0.08186497143006628,0.021564416214581314,-0.16708783832334356
9436.382608695652,-2.150103193728694,2.028502791736178,-0.49431471956479883
9496.48695652174,0.1523097079919485,-0.05741747296087609,0.10726767946287058
9556.591304347827,0.35834780366462615,0.14822517897773854,-0.830203071784714
9616.695652173914,-3.0053404595173956,0.9635544893797444,-0.06444105235029719
9676.800000000001,0.06126665934343187,-0.1272723027341935,-0.25148787693063035
9736.904347826086,-2.6896907600663815,-0.6380677739500664,0.436128387703149
9797.008695652174,0.11484564780927584,-0.039101481236349746,0.14500611679849193
9857.11304347826,-2.2633003428497065,-1.386791508427002,0.0049992632680750364
9917.217391304348,-0.6822570344611746,0.7383669686213418,1.6139971393367292
9977.321739130435,0.03454903494800219,-0.061169462406100425,0.6118634948210007
10037.426086956522,0.9624838554145096,1.1867047615167994,-1.688826360911057
10097.53043478261,1.0082520026664321,-1.5317540298119048,1.4063955372897288
10157.634782608697,0.1697454901062788,-0.31614555270213446,0.8818953518174145
10217.739130434782,0.46423917887067473,0.3369208276042046,-1.4807639480545525
10277.84347826087,-0.04009565751450114,0.736741449872559,0.7561999761298706
10337.947826086956,0.06702843266446068,1.3988539959275088,-1.2008532275852848
10398.052173913044,-1.3549334155422246,1.4423330073120677,0.30682047544404134
10458.15652173913,-0.3434009931148845,-0.40408147288363705,0.6090151860809195
10518.260869565218,0.5109417735513984,-0.21408556019637526,-1.1514687446777734
10578.365217391305,0.29960627933719947,-0.09126498766531298,0.3697017161277021
10638.469565217392,0.20938754215488414,0.2540479371180099,-0.28722144045737164
10698.573913043478,-1.5984288816990837,1.3441466039010335,0.7002383143124216
10758.678260869565,0.2559014440757455,-0.23445193069042086,-1.0387699594671311
10818.782608695652,-2.35815824925102,0.03089009933596831,0.7645195299315629
10878.88695652174,0.15024632370122135,-0.4609617618221113,-1.0831768460803326
10938.991304347826,0.47485935499198756,-0.26542290637433485,0.8424008259783513
10999.095652173914,-0.4316245822142246,-0.043159522786816444,0.7496152240879984
11059.2,0.48749302723679233,0.17672403368688572,0.08683575919084056
11119.304347826088,-0.39772589669981895,0.4971650162679441,-1.322873383854337
11179.408695652173,-1.7412953489506615,-0.8003031708315009,1.1409302771035146
11239.51304347826,-0.34658863593183614,-0.5715759120896184,0.34251774939407337
11299.617391304348,-1.8880798718293288,0.37566325058600725,-0.08450898578770752
11359.721739130435,-0.5285854348292466,0.24842644092498176,0.006415587019838985
11419.826086956522,-1.5572658988811467,0.5617879293446505,-1.5740043142531919
11479.93043478261,-0.7387117108142017,-0.0022902719831796887,1.4450718985810411
11540.034782608696,-0.4267136369543793,-0.7786047682750877,-0.45204699375909585
11600.139130434784,0.06145307709676301,-2.6982615006986856,0.518285622468344
11660.24347826087,0.07880771336832877,-0.7912372224830365,0.09534858858002034
11720.347826086956,0.46092034760774026,-1.496684072752792,-1.8879155634434213
11780.452173913043,0.7690135265145103,-0.8563170338292132,0.6447418393331125
11840.55652173913,0.5543174722394066,-0.9014969509645238,-1.5498586049909566
11900.660869565218,-0.4963734621127838,-0.5375224328725186,0.9182094774613757
11960.765217391305,-1.5797018811256052,0.3657245145298685,-1.4991360568487897
12020.869565217392,-0.9390075914510998,0.563339900564413,0.8623804435238711
12080.97391304348,-0.9942507606486598,-0.3460828322497869,-1.1351375275226703
12141.078260869566,-1.2270879455763561,0.6221199214595645,0.7466769483749962
12201.182608695652,-0.7129383861288114,0.16876257818128113,-1.1337873049418585
12261.286956521739,-1.0352196790616155,1.5308115824528679,0.503913175309516
12321.391304347826,-0.4683443100066051,-0.10302389975934123,0.2160582266695285
12381.495652173913,-1.1264064318072924,-1.265813097224896,-0.39099558917402316
12441.6,-0.52665269988923,0.7427891687354055,0.14846861001213793
12501.704347826088,1.7527798246270931,0.36696984855749115,0.9729805892545312
12561.808695652175,0.6206018476256826,-0.16533977709688358,-0.4247357528042019
12621.913043478262,0.1662956945851774,-1.6914975318574679,1.0658034637754086
12682.017391304347,-0.7289370609627435,-0.9061666281008243,-0.5309751517817087
12742.121739130434,-1.2947876482160798,-0.8443739625562755,2.0129888381815264
12802.226086956522,0.31149776569994964,-0.5634300620064083,0.3983690195231495
12862.330434782609,0.5664281864142937,0.7225686942363784,-0.6174621705032857
12922.434782608696,0.7471419736079079,2.227927058351023,1.2633755299304816
12982.539130434783,0.5254918589125218,0.4278220746785497,-0.0802591766294671
13042.64347826087,0.8520884339852154,2.3427441737338,0.023779843155443806
13102.747826086958,-0.47682963533148687,0.9207831614087371,0.8531449305870381
13162.852173913043,0.3870293583074337,-0.3944334094314234,0.605268377794675
13222.95652173913,-0.35493145089577355,0.3523949256730299,-0.24359627282261753
13283.060869565217,0.24136876723214293,-0.42456891223555654,-0.9748673924163346
13343.165217391304,-0.3133078325544517,-0.4797003455684723,-0.408091915402704
13403.269565217392,0.5671017207646595,1.020138547766957,-0.9978100636680604
13463.373913043479,-1.8586268081687958,-0.28175933069988984,-0.3284051993869685
13523.478260869566,-0.21114897737473845,0.7694963659297761,-0.30615436308152083
13583.582608695653,1.3084686797391034,0.2069301596962007,1.305402494720972
13643.68695652174,0.7313267526252226,-0.8504366289596597,-1.456241941142482
13703.791304347826,-0.689581206021312,0.4438929463771808,-0.44735871861145793
13763.895652173913,0.9634147745545116,-0.13996605800194492,0.8068393157135564
13824.0,-0.5479070506733482,-2.250775441185019,0.3562711007559036
13884.104347826087,-0.6649497605064311,0.4056367505632214,-0.650852478943775
13944.208695652174,0.9775090991577707,-0.29107344653052936,0.5899790397944569
14004.313043478262,-1.1703208090593833,-1.6261285866945798,0.5447913672949339
14064.417391304349,-0.576344081254864,0.42119276029142544,-0.33380541173922074
14124.521739130436,0.814189363618816,0.9045478822163577,1.5864658704244137
14184.626086956521,0.8540766708745914,0.19442685292262746,-0.7764568667271726
14244.730434782608,1.316949431022402,-1.0203013002424197,0.5605358467301343
14304.834782608696,-0.7576743804007232,-1.6959566261465135,-0.250069317568579
14364.939130434783,-0.5955706611001216,0.3779320931542598,-0.008226732261326046
14425.04347826087,-0.08161231164716651,2.4547946494042385,0.36367725115435395
14485.147826086957,0.8364193415076381,0.3783444149865035,-0.7275748667572337
14545.252173913044,1.7390563467928541,0.029031057174911862,1.1526917389911107
14605.356521739131,0.6551220087778555,0.1337111368483329,-0.28893812582562106
14665.460869565217,1.667498494570363,-1.2951378856428741,-0.35057396826488485
14725.565217391304,0.39038531426119527,0.43583312994186496,1.02858206635705
14785.669565217391,-0.41328197129476113,-0.16826936920108485,0.2553352620634293
14845.773913043478,-0.29065032813935004,0.3914884177888183,0.622604028750164
14905.878260869566,0.08311863822017661,0.8236709273345588,1.4707480050216546
14965.982608695653,0.9951517623973,-1.0667653617830404,1.1667149831466097
15026.08695652174,2.3099745754258167,0.12470780182641916,-0.3738930897720572
15086.191304347827,0.5969272734422598,0.6041509185456311,-1.0549616255014762
15146.295652173912,-0.020133040303208855,-0.759661873997027,-1.201759367980511
15206.4,-0.262581948004665,-0.3957687645693542,-0.2817470041291443
15266.504347826087,0.16109040852102113,-0.8195427335054591,1.3299192916482736
15326.608695652174,-0.004072725508444668,0.6275662503239593,-1.1373040006247865
15386.713043478261,-0.18004928379250557,0.4559155749447632,0.47770539687502245
15446.817391304348,-0.5121199630976427,1.3795123910300253,1.248579353320552
15506.921739130436,0.9546290077017608,-0.8609702437149613,1.0193107930037864
15567.026086956523,0.14796189515434482,0.6392531695525846,-0.2266968413524414
15627.13043478261,-1.3217760961006402,0.15183522476545977,-1.7157307594785547
15687.234782608695,0.3795597494646828,-2.384111772776347,0.9108284865420097
15747.339130434782,0.455280835976492,-0.5629068413598591,0.07095872177408655
15807.44347826087,-0.969865288974442,-1.3654791987269133,1.4847736914049006
15867.547826086957,-0.5932975721522442,0.0020513166119298545,-0.5313344551691258
15927.652173913044,-1.087791641891373,1.5389297586476018,-0.15254440810079384
15987.756521739131,1.2540876696779673,-0.05433303532481345,-0.9341615919376159
16047.860869565218,-0.7775846440191287,-0.07909249012122826,-0.3347607111135997
16107.965217391305,0.5756047057658614,0.6671872848204877,1.2594125923745034
16168.06956521739,1.2812344429432145,-0.015090634871088998,-1.2795326067068464
16228.173913043478,0.7324386687815103,-0.9164384605725813,0.6207476066857701
16288.278260869565,0.004766253905080231,-1.4548496905573762,-1.3601260424908905
16348.382608695652,2.0788877961321512,0.020387707550698214,0.9752446449092765
16408.486956521738,-0.17073495927904303,-3.0564242699569237,1.5220724127360301
16468.591304347825,0.43541911944624995,0.2237012485163404,-1.1906203230382262
16528.695652173912,-2.4354635865132854,0.651223876461823,2.023030195282582
16588.8,-0.05989647273384824,0.3009290356039935,0.21633038776623248
16648.904347826086,-1.8835092893906122,0.7716272365868078,1.2113178714904023
16709.008695652174,-1.4888790908299354,-1.8324867884123417,-0.3986641575335329
16769.11304347826,1.101630705998857,-1.6694118670851241,0.9833841410171822
16829.217391304348,0.04934918056258887,0.1958207676387135,0.2300280412070434
16889.321739130435,-2.949076560413756,-0.6618560224627565,-0.7312166185327257
16949.426086956522,0.10150979830258156,0.19828148035526705,0.9767162507641571
17009.53043478261,-1.1145836578812436,-2.1032082522984568,-1.471176366799918
17069.634782608697,-0.09038284312146384,0.2773864902001317,1.3046852333962753
17129.739130434784,-1.378015190918243,-2.0212529310525222,-1.6259212912000611
17189.84347826087,0.22172177443403474,0.13484011884717628,1.1704222244565259
17249.94782608696,0.027488613001175978,-0.28704702445132924,-1.9696645681512912
17310.052173913045,-0.32860071398539814,0.4990036223899197,2.0392770464329883
17370.156521739133,-0.153613190152587,-0.6093266526424409,-1.5175270573629898
17430.260869565216,-0.7755271140982366,-2.8030265666740517,-1.4479934187512356
17490.365217391303,0.20212583561779687,-0.042228461297245105,1.3404502991997125
17550.46956521739,0.0695421922724974,-0.32564216062289025,-1.0968334630942884
17610.573913043478,0.44409523538420076,-0.09942774219079988,-1.777150271685042
17670.678260869565,-1.1410869579560112,0.6610404850506191,1.8564595557927668
17730.782608695652,-0.048499846085744654,-0.14744354578959853,-0.436144959388375
17790.88695652174,-1.5993528185919559,-0.2644038078586008,-2.5212068608911027
17850.991304347826,-0.4198343258048663,-0.1472040299114886,-0.6539948253823971
17911.095652173914,-0.05276546711377238,0.45707224858557727,-0.12820878169648567
17971.2,0.30992488753125913,0.20669101467919068,0.5075388520846699
18031.304347826088,0.5334639461867053,-0.17250528134696994,1.3515326011285855
18091.408695652175,0.2231316757496807,0.4623733917020248,-0.9690588341098517
18151.513043478262,-2.0789219228401556,-1.0474844126948997,-0.3036975248518902
18211.61739130435,2.2713551806633876,0.5229881896689513,0.9685794107405938
18271.721739130437,-1.3311187854899453,0.6660897188725534,2.107471188385621
18331.826086956524,-0.08669310457229594,-0.5334126743801346,-0.6772866199242352
18391.930434782607,0.6436969267989531,0.34404111013233785,3.085231867523374
18452.034782608695,-0.45259835183658076,-0.23329327581374634,-1.674408226167372
18512.13913043478,-0.41487754771463287,0.06833187906060657,-0.02383555044507044
18572.24347826087,0.17158998912711412,0.5288546216705664,0.16557537808326553
18632.347826086956,-0.2125985871290164,-0.407434332703919,-0.16042953676807636
18692.452173913043,-0.3484059231993034,0.23658446765635452,-0.10959283281100358
18752.55652173913,0.3134562399313931,0.3175958655013076,0.15548493028122073
18812.660869565218,-0.4843848901787106,-0.4899315855831401,-0.8424679118707016
18872.765217391305,0.5982214959502181,1.1756051694339167,-1.055018088923414
18932.869565217392,0.5330134545944063,0.14279267924152841,-0.9039508234621672
18992.97391304348,1.6616584409038802,2.280363046059344,1.2210315856766718
19053.078260869566,1.3473201426833523,1.4532927248152736,-0.7131623707440439
19113.182608695653,0.6671613360528758,0.35409386133635923,-1.4403651307788201
19173.28695652174,-0.6739973847538628,0.7428736485614472,1.2553444620674081
19233.391304347828,-2.3190794766712104,0.10985320967512775,0.1377771508309796
19293.495652173915,-1.7572051347446938,1.1052671890042236,1.5953218715463684
19353.600000000002,-0.30060962099374633,-0.35666213802851787,-0.9491645095829326
19413.704347826086,2.061078327427156,0.33175635922953817,-2.1037970327178206
19473.808695652173,0.47668860530242985,-0.028812114331139834,-1.0932325461805643
19533.91304347826,-0.8279157745150114,-0.4661400668224106,-1.1463996088515587
19594.017391304347,-0.6286709275083664,-2.3754170363470553,0.6265369977912201
19654.121739130434,-0.5662434935849541,-0.4325156163565712,0.049490858318361246
19714.22608695652,-1.6724362298292832,1.138229452272705,-0.3094709751174828
19774.33043478261,-0.2386694554172693,0.5554150632250282,-0.3102554452921169
19834.434782608696,-1.383138812947158,-1.109580501963331,-0.7098750768530007
19894.539130434783,1.6704236290482257,-1.2370604156744573,-0.9095704092331037
19954.64347826087,0.29180812225056274,-0.5760084880623441,-0.25676178245995146
20014.747826086958,1.6705236336791531,-0.5658558133844663,-1.4111484912737207
20074.852173913045,0.6736734913880653,-0.021259928423680376,0.9789120632644907
20134.956521739132,0.7578444406380366,1.0380853210997945,-0.6603072089312658
20195.06086956522,1.2162023548789707,-0.38885100583136123,1.0980011321922007
20255.165217391306,0.6675052580913294,-0.18065198803529653,-1.1995391248195006
20315.269565217393,0.9655626414990186,-1.2765537961408073,0.5658723805123108
20375.373913043477,0.1496551674018579,-1.080063426653732,-0.8981114197209461
20435.478260869564,-0.5552253750662225,0.6603096392351354,0.00653525917991559
20495.58260869565,1.274199373879634,-0.6539111558913583,0.17998808305286537
20555.68695652174,-0.6535795050936225,1.6056370754383187,-0.2936534077333228
20615.791304347826,-0.5793233733915701,-1.8833993080118416,0.5382930512204571
20675.895652173913,1.172632869846516,1.3080284039270162,0.3203791898255202
20736.0,-0.025402177699871374,-0.9793560634366624,-0.5619837965078964
20796.104347826087,-0.7062683172567115,-2.130327120368915,1.863612004711025
20856.208695652174,0.5939882745160897,0.3389429324999078,1.5626823976174882
20916.31304347826,-0.27519138037015567,0.5244582937311865,-0.3769439557179637
20976.41739130435,-1.9097092337707091,0.30895044598301746,-1.2816995824005273
21036.521739130436,-0.3084339144754896,-0.7005920450950519,1.5275760054049
21096.626086956523,0.4295609987878816,-0.21655221802553198,-0.3380482816591805
21156.73043478261,1.4761518512169172,1.1102560903424166,-0.2448884260949368
21216.834782608697,-0.007669651480609094,1.1553201816092817,1.5761286680230493
21276.939130434785,1.780348159832761,-0.6551019687764907,1.4976716342025866
21337.04347826087,1.7984919376281037,-1.6851307961351778,-1.0060477419651173
21397.147826086955,0.7088757257625187,0.5191050797808489,-1.597894936343977
21457.252173913042,0.07207426476072075,0.31701565254748,0.7343945751927831
21517.35652173913,0.5492973591674442,1.722128325006021,-1.4490434480580556
21577.460869565217,0.46806432581381646,0.7150772858809271,-0.9539715371119499
21637.565217391304,0.18443058439584892,-0.6231764072350721,-1.287267146653004
21697.66956521739,-0.7469357514885863,0.021399598031513718,-1.5569750291141888
21757.77391304348,1.6523765595721895,0.5550759310611395,-1.5583644316192216
21817.878260869566,0.3421184130371874,-0.4077541349630934,-1.5952591539160688
21877.982608695653,2.251129229478431,1.0003217576770014,1.5511365004844269
21938.08695652174,-0.5255281114650355,0.5530912507173851,1.0748148768708397
21998.191304347827,-2.0792492700197007,-0.7761090172309603,1.1359200805108232
22058.295652173914,-1.0020759473838687,-1.0749741066263916,-1.2908988617467325
22118.4,0.09862912847357949,-0.4515003455038685,0.33880809648745724
22178.50434782609,-0.41691518079635603,0.23953964134036307,-2.167058226961416
22238.608695652176,0.38895097796557415,-0.6490002649365856,3.1041249865470624
22298.713043478263,-0.30591310184587733,0.08340095557603674,0.49901674615996516
22358.817391304347,-0.19499072164611225,-0.1668300519485457,-0.055588370824897135
22418.921739130434,2.421325073471165,1.461384748904451,1.0279510496013533
22479.02608695652,0.6226559931515062,-0.24341974553379095,3.019002282485156
22539.130434782608,-0.06455590783909212,0.3671597407757517,-0.2879705063074334
22599.234782608695,0.9817490532558124,-3.1329131470707234,-0.22223488754943665
22659.339130434782,0.5007654030881045,0.19604470048267866,-1.2373311794824873
22719.44347826087,0.132872124712744,0.4087697117280978,0.834397123541025
22779.547826086957,-1.0038164817014597,2.345722480102216,0.5512311950016907
22839.652173913044,-0.5486247023638441,1.0958470517974956,-2.5853172858388147
22899.75652173913,-0.39858962404625403,-0.03796064683184998,-0.3518396967808366
22959.86086956522,-0.4746500151058013,-0.010349702778320433,1.0704038959163775
23019.965217391305,-1.143203070085282,0.6804221926131817,1.310603358278145
23080.069565217393,0.6101085447338946,-0.25024624719949734,1.1525342819408009
23140.17391304348,-0.42109617405075267,0.16865852843867069,0.12443004481074593
23200.278260869567,0.09611242494532266,0.4535728092304982,0.47849508288062026
23260.382608695654,0.4099018834132933,-0.28912911176772943,0.3714898147699654
23320.48695652174,0.3114361580253316,-0.7294353962800092,1.0081963762059003
23380.591304347825,-0.6822032519140542,0.2544531034661971,0.9939417415170848
23440.695652173912,0.5294274533269318,-0.20715495314874774,0.5052469204209304
23500.8,-0.4338551612853432,0.26497692799886213,-0.24552907976550517
23560.904347826086,-1.486594270425913,-1.126340511031849,-0.21257298686443263
23621.008695652174,-0.3921173508288324,-0.7426134820462396,1.4099977327479893
23681.11304347826,-1.0172145250199194,-0.9123483796812698,-0.549875333661789
23741.217391304348,-1.039667234368184,0.6192883480753848,0.7245536903592903
23801.321739130435,-0.5361554137170438,0.5944047966148631,-1.3034697823990509
23861.426086956522,0.2774392191507842,1.257160157719243,1.3827247961357354
23921.53043478261,1.3491752317724832,-0.09200770979477031,-1.179141141274011
23981.634782608697,-0.8441552491291014,-0.14379627571489778,-0.2392044663451599
24041.739130434784,0.8828274567836315,-0.10784520078792813,0.34912889185528373
24101.84347826087,-1.2010851608153648,0.7832240908017486,0.03989597474682288
24161.94782608696,0.2727639396411109,-1.7583319251540255,-0.09530944279085596
24222.052173913045,1.3428075215726187,0.4995629954787917,0.6288112884965724
24282.156521739133,-0.8754577783844454,1.1828710445617505,-0.6811997306813347
24342.260869565216,-1.1326074677060545,-0.651446911544711,0.7164493396885769
24402.365217391303,0.9943207818195663,-1.1328583659823246,-0.35196184949316717
24462.46956521739,0.8152869236913853,1.3088137474354709,0.6556447396165027
24522.573913043478,-1.185040249993396,0.6169621854327311,-0.6184118381438349
24582.678260869565,-0.612893254717816,-1.5189246051069942,0.3856750825896297
24642.782608695652,1.1837480711986201,-0.39701073381398605,-0.3887013842575725
24702.88695652174,0.5464296107655285,1.2722919338023648,0.6683555250958361
24762.991304347826,-1.219560207153774,0.6126992924426097,-0.383664987815018
24823.095652173914,-0.6998943558418306,-1.3438358788732605,0.5302751785780887
24883.2,1.1144017033392393,-0.8472893676703005,-0.44565488816666293
24943.304347826088,0.6288248227592993,1.5215372922390744,0.7481055514899677
25003.408695652175,-1.3936890463480758,0.1645224200051072,-0.20386192715149795
25063.513043478262,0.24917972521294857,-1.8015655438296532,-0.3812937264452336
25123.61739130435,1.3353526800875468,0.6837655401479298,0.43871344068356466
25183.721739130437,-1.3702786226071675,-0.13219662995820755,-0.6941066812669665
25243.826086956524,0.9320780879895757,-0.3389030182708294,-0.677912917525852
25303.93043478261,-0.05136798811432153,1.1710285701740022,-0.11495212504040431
25364.034782608695,-0.687730938078924,-0.6397263459154542,0.35709717200650265
25424.13913043478,0.9559243592188942,0.1536406324368893,0.8031652039190756
25484.24347826087,-1.4493150929591692,0.23485697349166162,0.4187763774791893
25544.347826086956,1.4146671657732328,-0.8769463942306115,-0.33304005396862774
25604.452173913043,-1.181113302718635,0.7907153761691211,-1.1042824057876681
25664.55652173913,0.7083898331476713,-0.9040146830859541,-1.1034466139824508
25724.660869565218,-0.16610235024911818,1.074192479993547,-0.3971398306230557
25784.765217391305,0.2310787725705294,-0.9887298053009629,0.13704283464179665
25844.869565217392,-0.9469856462149789,1.353637143177312,-0.002778497561684186
25904.97391304348,0.8543731926747969,-1.6622922712771993,-0.5911629124080848
25965.078260869566,-0.8975079789642999,0.850216083661262,-1.4443201306534792
26025.182608695653,0.509783743476255,-0.8614107082773956,-0.7628405822890426
26085.28695652174,-0.3352545724496286,1.0122964528024734,-0.13032397737604962
26145.391304347828,0.2547366012335631,-1.283429917548613,0.43250840933051116
26205.495652173915,-0.00793276124115476,1.6233965633594392,0.8366762588767731
26265.600000000002,-0.4115117072112967,-1.9416553829580327,0.4549735065228685
26325.704347826086,1.2640230746730263,0.7450503095566703,0.28921229254938774
26385.808695652173,-0.9860498069308168,0.7275695647660927,-0.9442102522657418
26445.91304347826,-0.419833824881118,-1.5125600084874096,-0.12636719220175666
26506.017391304347,1.049097657636277,0.40956931219599274,-0.262821003435679
26566.121739130434,-0.7976958119651644,0.09595195227185452,0.18131666818511355
26626.22608695652,1.266475950138246,0.2178017044273058,1.1532164414849126
26686.33043478261,-1.136509898683412,-1.4425799053663466,0.2911633671901506
26746.434782608696,0.008308709670788013,1.063483436410726,-0.6485151307550445
26806.539130434783,0.4905593152788979,-0.9205210528651369,0.17244962954790005
26866.64347826087,-1.7209124935061908,-0.45296891081289353,0.7477123989074386
26926.747826086958,-0.09851038325611453,1.0276797048597306,-0.669580032897286
26986.852173913045,0.817299141838393,-0.567741407029176,0.5376170748917293
27046.956521739132,0.46587532400107357,-1.410783153699777,-1.436940608118807
27107.06086956522,-0.660045596798112,0.12557190257171683,-0.07335820855601824
27167.165217391306,-0.2170181578867253,2.5818161588705166,0.055724446605151245
27227.269565217393,0.48999748696053014,0.6008106427024547,-0.18209322757423416
27287.37391304348,1.6926511453021555,0.52664506368595,1.1808044764609975
27347.478260869564,0.5306291007681054,0.3147869158069181,-0.0981046026677041
27407.58260869565,1.8251202837153386,-0.24739163390145041,0.08997412034251806
27467.68695652174,0.2269210580760859,-0.7459750721979961,-0.6691952695034948
27527.791304347826,1.1913666619689565,-1.988051468508261,-0.7177625964768583
27587.895652173913,-0.04966231031947237,-0.9621100052477306,-0.3884036136441088
27648.0,-1.0273780845634772,0.869611765379017,0.443475481150023
27708.104347826087,1.6006110582828703,0.6105759691306686,0.12483785670218508
27768.208695652174,-1.1362130637887846,-0.5912123445936854,-0.263259792993945
27828.31304347826,0.8781843911465544,-0.08953212605194652,-0.41429311530833624
27888.41739130435,-0.7849264545781626,0.45582062999487855,0.12729924938925347
27948.521739130436,1.2312302635995187,-0.5754876820535458,0.37854629074477425
28008.626086956523,-1.778659155095641,-0.14765976175318182,0.07848888375209068
28068.73043478261,0.31352467633275105,0.9172322818173779,-0.17564106631948365
28128.834782608697,1.6729227368234894,-0.028157419010183194,0.7844101747742975
28188.939130434785,-0.014211829594453065,-1.0573807584565436,-0.9681567656517864
28249.04347826087,-0.6425744007157478,-0.4188453426141722,1.1795256292724572
28309.147826086955,-1.2843567346346698,1.0386654415549075,-1.4431699333579553
28369.252173913042,0.7921332357391707,0.2772570961586568,-0.4738703298265584
28429.35652173913,0.008138243706404508,-1.2504133142270537,0.9924427586610431
28489.460869565217,-1.3113837008801972,-1.202865918579717,-0.16252534529707177
28549.565217391304,-0.3035347828554433,0.7173065485062113,-0.10390943706783287
28609.66956521739,1.3928240594927208,-0.08400163516927339,0.9784068602914331
28669.77391304348,-0.6576415833256656,-1.6432433904689085,-0.41903183135014627
28729.878260869566,-0.007990365748857472,0.9884711148370031,-0.2310621400945735
28789.982608695653,0.9216898937413129,-0.9377566742610753,0.20924946077377385
28850.08695652174,-1.7201876952320727,0.27461754440916286,-0.0019623387141452465
28910.191304347827,1.3026043001741738,0.3264237287144211,-0.61864002755223
28970.295652173914,-0.943453452946631,-0.3578149264644286,-0.3894973635109198
29030.4,0.8222452572933066,-0.07996875847815248,0.08011264874271212
29090.50434782609,-1.2870410170127413,0.4474901179228457,0.3338873502102353
29150.608695652176,0.8824160117631176,-1.4876183984515103,-0.41503514187773305
29210.713043478263,-0.28033210567380057,1.9622992429843757,-0.5907041773410653
29270.81739130435,-0.13710818601859276,-1.3154179942557733,-0.5476857700801716
29330.921739130434,0.34874640563141746,0.9950885709699792,0.013209832494246999
29391.02608695652,-1.0256456106618033,-0.24595360624458246,0.00572481621121316
29451.130434782608,0.5360605746954726,-1.071291387786926,-0.3565570275336137
29511.234782608695,0.900710313256938,0.590864923928287,0.46940001826408917
29571.339130434782,-0.893913513171259,1.139527059639703,-0.3516544960510044
29631.44347826087,-0.9819597149463526,-0.7809101063919246,0.8868481643277965
29691.547826086957,1.356844798284621,-0.6303427819165546,-0.4508786020379921
29751.652173913044,-0.6424859413929734,1.3271159904702714,-1.2018702191433044
29811.75652173913,-0.08756453366977986,-1.2188468090531823,-0.4667979134817885
29871.86086956522,0.21772861618157727,1.0007125628226774,0.33016106387063526
29931.965217391305,-0.055400481013331365,-1.2780677193232783,0.9524133740159388
29992.069565217393,-1.2071229513323618,1.1901475432669961,-1.2092921982937586
30052.17391304348,0.7333414090907272,0.4016010187754775,-0.30232029765829943
30112.278260869567,0.9020716081522133,-1.2888764973604911,0.42473783720727415
30172.382608695654,-1.0825205754279525,-1.2875355916544555,-0.37616993335877125
30232.48695652174,-0.6958846097875859,0.621028530709479,0.1700019496060618
30292.591304347825,-0.30109016801099225,1.891361420464768,-1.609360890051026
30352.695652173912,-1.0868103584823527,-0.10932261519230697,1.9956283675708886
30412.8,0.6723916785901495,-0.08131601984065781,1.1231008231570816
30472.904347826086,-0.41888513700755425,-0.15911778048428213,0.5561080016562856
30533.008695652174,0.49807125748299785,-0.20973796164113792,-0.6584003068755632
30593.11304347826,1.8422279097680168,1.0558445349511627,0.3042504762478596
30653.217391304348,-0.8698927136926992,1.3271946444842122,0.8722833114086932
30713.321739130435,-0.591692393173264,-0.00438167131521856,-0.06525869320779037
30773.426086956522,-0.9831497920022241,1.7357756220632947,-0.520214155756369
30833.53043478261,0.9841261873666001,-0.677197298414287,-1.2601284421438539
30893.634782608697,-0.22909443540170765,1.2204500871338162,-0.68490244990598
30953.739130434784,-0.11521750076595616,-1.039797916250099,0.06009030143436758
31013.84347826087,0.4226993107762882,1.0273462165536194,0.531576939205491
31073.94782608696,-1.0832339421370702,0.23806347135742253,0.11682462339179694
31134.052173913045,0.08935972296307533,-1.3258428795231716,0.17032914051701753
31194.156521739133,0.9223684567737082,0.582103936493336,0.8612013860570559
31254.26086956522,-1.5166287689435995,0.2104305426145603,0.2802840597139095
31314.365217391303,0.9817801662025298,-1.1568390251198517,-0.8241077323234665
31374.46956521739,0.26190297598406553,1.885623685823421,0.013133640296944943
31434.573913043478,-1.5368521102710975,-0.2407479880644848,0.23326276435748078
31494.678260869565,1.1862979033431913,-0.622205070652871,-0.8405105071366622
31554.782608695652,0.031771296421778866,1.5558137737114992,-0.649152092753064
31614.88695652174,-0.18852396744712527,-1.1025083937919091,-0.2580378646806083
31674.991304347826,-0.4564789885960995,1.1066023112216066,0.4037535688659406
31735.095652173914,1.0969481041202114,-1.5359417466801506,-0.5570185918583014
31795.2,-1.1466973130678813,0.6176292774280479,-1.3116547061448018
31855.304347826088,0.8133382148301215,0.00855516050626317,-0.4156735089156055
31915.408695652175,-0.8902021494965286,-0.009765721442955757,0.6741439709535023
31975.513043478262,1.4448080645481158,0.11931808342103582,0.5456474697804291
32035.61739130435,-1.1713234685541662,0.54529529452501,-0.80360739124845
32095.721739130437,-0.41742744891982914,-1.7206738310609857,0.00899212385275994
32155.826086956524,1.3099478766673862,0.3064477585043562,0.01618467167754807
32215.93043478261,-0.07514266331102396,1.5881160058023114,-0.33337855839728253
32276.034782608695,-1.2762177650165045,-0.03681877438872064,-0.19582396123876378
32336.13913043478,-0.2960417283599906,-1.5006983403854839,-0.0049165493668150385
32396.24347826087,1.0458556287068979,-0.011227607207000353,-0.3105767437198695
32456.347826086956,0.08523349605659539,1.4443689727048372,-0.2131333358542335
32516.452173913043,-0.9933089796076622,-0.24803350645298883,-0.11538830288517415
32576.55652173913,0.4538288031298655,-1.098864388686725,-0.46459696939397294
32636.660869565218,0.4212660981843985,0.9562023901366823,0.28655793439203225
32696.765217391305,-1.0067113833070986,-0.1911711097444982,0.4365875562573903
32756.869565217392,0.6481973857394696,-1.2767218726545395,-0.14268376014582265
32816.973913043475,0.8627733268961003,0.6307714576567912,0.8948558717286835
32877.078260869566,-1.5160612770682185,0.08081847402811104,0.33433751027156894
32937.18260869565,1.644925719439057,0.13890525886741983,-0.5264994669301364
32997.28695652174,-0.2617052498514844,-0.7854455071353107,-0.07226216186325876
33057.391304347824,-1.5751865283322302,0.7542995527175189,0.1658865634432293
33117.495652173915,-0.5055464736330587,0.36446624577290365,-0.6385037387176249
33177.6,0.12438179594196322,1.3634107849149664,1.2076891410606523
33237.70434782609,1.1595437349524094,0.3737634234106185,-0.9558039925743375
33297.80869565217,0.5021434753366224,-0.8853935540552049,0.4036894208162329
33357.913043478264,-1.6947845552510796,-0.5225431852295661,0.7186609886080891
33418.01739130435,-0.6278328379993979,0.07947704072923951,-0.12762837797437243
33478.12173913044,0.32759792407743,1.4142698337971327,1.344085167796244
33538.22608695652,0.9246559358294523,0.6111890521832594,-0.7362116348160724
33598.33043478261,1.3625565660904855,-0.5993391599345965,1.0699988254251704
33658.434782608696,0.5875977234150515,0.383613212683242,-0.21283546328299632
33718.53913043479,1.0942857949597267,-1.5001199583771112,-0.027773341118474508
33778.64347826087,-1.4068444335964074,0.5126672255736405,-0.9892222093795584
33838.747826086954,0.722237087210316,-1.0296335125966256,-1.024869390409793
33898.852173913045,0.1849791265026513,1.284915736253463,-0.33096861258696003
33958.95652173913,-0.6250193225981859,-0.6858295290921397,0.32486404673072833
34019.06086956522,0.9675059766016286,-0.006146139587956679,0.48746999669738217
34079.1652173913,-0.9006945159187653,0.8014816020561727,-0.04961249835244878
34139.26956521739,-0.13069111337531097,-1.235388221938689,0.5488503867798581
34199.37391304348,0.8535784281020077,0.9182499386550312,1.364048386895606
34259.47826086957,-1.0653510265204906,-1.422826445361186,0.44233141147135896
34319.58260869565,1.084000601319726,0.8111674206374185,-0.2948895571112778
34379.68695652174,-0.6680366755922894,-0.6868534744993969,0.11076898463827697
34439.791304347826,0.6365639134374613,0.5721094631169368,0.799166421775046
34499.89565217392,-1.4209231093962726,-0.008751916652666225,0.6532557972682536
34560.0,1.3113520068808864,-0.8523379882167452,-0.4659680782890254
